spectrum fragmentation,fragmentation energy (ETD),fragmentation energy (HCD),precursor charge,n,mean_score,sd_score
ETD,50,,Charge 2+,26,18.20789645,3.817734387
ETD,50,,Charge 3+,131,162.24569,11.64679095
ETD,100,,Charge 2+,27,21.036698,4.592006295
ETD,100,,Charge 3+,117,135.0734234,10.54870308
ETD,150,,Charge 2+,27,19.99253754,5.790729451
ETD,150,,Charge 3+,119,131.2691244,12.24573941
ETD,200,,Charge 2+,22,11.95629447,0
ETD,200,,Charge 3+,99,92.84699133,7.48216419
ETD,250,,Charge 2+,20,11.95629447,0
ETD,250,,Charge 3+,86,77.77606687,9.530114819
ETD,300,,Charge 2+,23,5.259478983,2.229920334
ETD,300,,Charge 3+,76,84.71775948,10.05612561
EThcD,50,15,Charge 2+,41,28.36111851,1.572489036
EThcD,50,15,Charge 3+,166,176.6506006,8.779933178
EThcD,50,25,Charge 2+,106,85.2029274,6.703756145
EThcD,50,25,Charge 3+,194,182.8231319,10.23665231
EThcD,50,35,Charge 2+,138,97.25786869,5.083729394
EThcD,50,35,Charge 3+,200,156.9838969,8.523253607
EThcD,100,15,Charge 2+,41,28.36111851,1.572489036
EThcD,100,15,Charge 3+,154,173.1789884,10.91745665
EThcD,100,25,Charge 2+,94,79.04903595,1.335448234
EThcD,100,25,Charge 3+,171,161.3550477,9.957354065
EThcD,100,35,Charge 2+,132,105.7251201,6.184473595
EThcD,100,35,Charge 3+,176,139.2523752,12.95812401
EThcD,150,15,Charge 2+,40,29.8129588,3.709815279
EThcD,150,15,Charge 3+,127,149.5103941,12.04058142
EThcD,150,25,Charge 2+,75,56.9323924,5.812315339
EThcD,150,25,Charge 3+,141,144.4615866,7.130878532
EThcD,150,35,Charge 2+,127,108.752095,6.654066049
EThcD,150,35,Charge 3+,149,124.543881,14.73116804
EThcD,200,15,Charge 2+,39,33.94887382,5.483933413
EThcD,200,15,Charge 3+,102,121.3532953,21.27241006
EThcD,200,25,Charge 2+,66,46.29854874,0.97896935
EThcD,200,25,Charge 3+,121,114.9198803,11.35840635
EThcD,200,35,Charge 2+,103,91.26767486,9.842803584
EThcD,200,35,Charge 3+,121,99.80556735,4.190446976
EThcD,250,15,Charge 2+,38,34.25344867,5.212549828
EThcD,250,15,Charge 3+,88,93.49469924,7.37237848
EThcD,250,25,Charge 2+,61,42.17222278,4.536178132
EThcD,250,25,Charge 3+,98,105.0850047,17.31261493
EThcD,250,35,Charge 2+,76,72.56783851,9.99734185
EThcD,250,35,Charge 3+,98,90.56195591,18.80471369
EThcD,300,15,Charge 2+,33,27.80970022,3.162889825
EThcD,300,15,Charge 3+,73,80.36074888,18.53965482
EThcD,300,25,Charge 2+,56,48.1252409,3.932980589
EThcD,300,25,Charge 3+,82,74.70840221,14.00578839
EThcD,300,35,Charge 2+,76,66.96177461,11.70062141
EThcD,300,35,Charge 3+,67,58.31232914,16.30038672
HCD,NA,0,Charge 2+,10,5.055702003,2.277163382
HCD,NA,0,Charge 3+,21,14.441452,4.865451193
HCD,NA,10,Charge 2+,18,10.0599637,3.106757363
HCD,NA,10,Charge 3+,47,34.78827215,2.660662651
HCD,NA,20,Charge 2+,144,173.6903056,20.24681195
HCD,NA,20,Charge 3+,184,219.1582363,21.79810356
HCD,NA,25,Charge 2+,206,242.5767036,13.93863386
HCD,NA,25,Charge 3+,184,202.1472559,7.523912291
HCD,NA,27,Charge 2+,199,212.4734406,10.57277325
HCD,NA,27,Charge 3+,173,167.4449442,9.04536609
HCD,NA,29,Charge 2+,189,186.6195349,3.304379775
HCD,NA,29,Charge 3+,158,138.6231695,5.312046154
HCD,NA,31,Charge 2+,175,161.3585249,9.625313836
HCD,NA,31,Charge 3+,157,119.0269646,10.87718333
HCD,NA,33,Charge 2+,169,145.7042626,7.209658692
HCD,NA,33,Charge 3+,141,89.06567279,9.114672572
HCD,NA,35,Charge 2+,168,136.0285874,8.328401457
HCD,NA,35,Charge 3+,140,76.25596367,2.117439539
HCD,NA,40,Charge 2+,153,77.79578543,5.416929984
HCD,NA,40,Charge 3+,124,62.36438189,6.514779866
